Wave 1,Wave 2,Wave 3,Wave 4,Wave 5,Wave 0
"amb_fl/cc04 
","amb_ccbv18  
","amb_ccbv14  
","amb_ccbv34  
","amb_fl/p6l/1
","amb_ccbv01  
"
"amb_ccbv15  
","amb_fl/p3l/2
","amb_obv09
","amb_obv09
","amb_fl/cc09 
","amb_ccbv02  
"
"amb_ccbv04  
","amb_ccbv36  
","amb_fl/p5l/3
","amb_obr04
","amb_ccbv39  
","amb_ccbv03  
"
"amb_fl/p3u/3
","amb_ccbv20  
","amb_fl/p6l/1
","amb_obr06
","amb_fl/p6u/2
","amb_ccbv04  
"
"amb_ccbv36  
","amb_obv19
","amb_obr13
","amb_fl/p5l/3
","amb_ccbv06  
","amb_ccbv05  
"
"amb_ccbv32  
","amb_fl/p5l/2
","amb_obv16
","amb_fl/cc10 
","amb_ccbv18  
","amb_ccbv06  
"
"amb_ccbv29  
","amb_fl/p5l/3
","amb_fl/p6u/2
","amb_fl/cc09 
","amb_fl/cc10 
","amb_ccbv07  
"
"amb_ccbv18  
","amb_fl/cc06 
","amb_ccbv34  
","amb_ccbv23  
","amb_ccbv23  
","amb_ccbv08  
"
"amb_fl/p5l/3
","amb_fl/p5u/4
","amb_ccbv19  
","amb_obr13
","amb_obr13
","amb_ccbv09  
"
"amb_ccbv14  
","amb_fl/p3u/2
","amb_obv04
","amb_ccbv39  
","amb_ccbv19  
","amb_ccbv10  
"
"amb_fl/cc09 
","amb_ccbv35  
","amb_ccbv06  
","amb_ccbv06  
","amb_obv09
","amb_ccbv11  
"
"amb_fl/p4l/2
","amb_obv10
","amb_fl/p3u/2
","amb_fl/cc06 
","amb_ccbv13  
","amb_ccbv12  
"
"amb_obr11
","amb_ccbv06  
","amb_ccbv13  
","amb_ccbv19  
","amb_fl/p3l/2
","amb_ccbv13  
"
"amb_ccbv12  
","amb_ccbv25  
","amb_ccbv38  
","amb_ccbv18  
","amb_ccbv34  
","amb_ccbv14  
"
"amb_obr17
","amb_fl/p3l/1
","amb_ccbv35  
","amb_fl/p3l/2
","amb_obr04
","amb_ccbv15  
"
"amb_obv15
","amb_fl/p2l/4
","amb_fl/cc09 
","amb_ccbv13  
",,"amb_ccbv16  
"
"amb_ccbv05  
","amb_fl/p5l/4
","amb_ccbv39  
","amb_fl/p6u/2
",,"amb_ccbv17  
"
"amb_fl/p5l/4
","amb_fl/p4l/4
","amb_ccbv18  
","amb_fl/p6l/1
",,"amb_ccbv18  
"
"amb_fl/p3l/1
","amb_fl/p4l/3
","amb_obr06
",,,"amb_ccbv19  
"
"amb_ccbv28  
","amb_obv16
","amb_ccbv23  
",,,"amb_ccbv20  
"
"amb_ccbv30  
","amb_ccbv23  
","amb_fl/cc10 
",,,"amb_ccbv21  
"
"amb_obr06
","amb_fl/cc01 
","amb_fl/p3l/2
",,,"amb_ccbv22  
"
"amb_obr19   
","amb_obv12
","amb_fl/cc06 
",,,"amb_ccbv23  
"
"amb_fl/p2l/1
","amb_ccbv13  
","amb_obv03
",,,"amb_ccbv24  
"
"amb_obr13
","amb_fl/p2u/2
","amb_obr04
",,,"amb_ccbv25  
"
"amb_ccbv26  
","amb_obr02
",,,,"amb_ccbv26  
"
"amb_fl/p2u/4
","amb_obr05
",,,,"amb_ccbv27  
"
"amb_fl/cc06 
","amb_obv02
",,,,"amb_ccbv28  
"
"amb_fl/p2u/2
","amb_fl/p4l/2
",,,,"amb_ccbv29  
"
"amb_fl/p3l/2
","amb_ccbv29  
",,,,"amb_ccbv30  
"
"amb_obv14
","amb_ccbv11  
",,,,"amb_ccbv31  
"
"amb_fl/p4l/4
","amb_fl/cc10 
",,,,"amb_ccbv32  
"
"amb_obv18
","amb_ccbv14  
",,,,"amb_ccbv33  
"
"amb_fl/p2l/4
","amb_ccbv39  
",,,,"amb_ccbv34  
"
"amb_fl/p5l/2
","amb_fl/cc09 
",,,,"amb_ccbv35  
"
"amb_ccbv01  
","amb_obv13
",,,,"amb_ccbv36  
"
"amb_ccbv21  
","amb_fl/p4l/1
",,,,"amb_ccbv37  
"
"amb_fl/p2l/3
","amb_fl/p2l/2
",,,,"amb_ccbv38  
"
"amb_obv04
","amb_obv04
",,,,"amb_ccbv39  
"
"amb_fl/p3u/4
","amb_fl/p6l/2
",,,,"amb_ccbv40  
"
"amb_ccbv20  
","amb_obr13
",,,,"amb_obv01
"
"amb_fl/p6u/1
","amb_obr10
",,,,"amb_obv02
"
"amb_fl/cc08 
","amb_ccbv24  
",,,,"amb_obv03
"
"amb_fl/p4l/1
","amb_obv17
",,,,"amb_obv04
"
"amb_fl/p6u/2
","amb_fl/p3l/3
",,,,"amb_obv05
"
"amb_obv09
","amb_ccbv05  
",,,,"amb_obv06
"
"amb_ccbv13  
","amb_ccbv01  
",,,,"amb_obv07
"
"amb_obv06
","amb_fl/cc04 
",,,,"amb_obv08
"
"amb_obv05
","amb_ccbv38  
",,,,"amb_obv09
"
"amb_ccbv34  
","amb_obv03
",,,,"amb_obv10
"
"amb_ccbv06  
","amb_ccbv40  
",,,,"amb_obv11
"
"amb_obv19
","amb_obr03
",,,,"amb_obv12
"
"amb_obr10
","amb_obr06
",,,,"amb_obv13
"
"amb_ccbv16  
","amb_fl/p6u/2
",,,,"amb_obv14
"
"amb_fl/cc01 
","amb_fl/cc03 
",,,,"amb_obv15
"
"amb_ccbv11  
","amb_fl/p6l/1
",,,,"amb_obv16
"
"amb_ccbv38  
","amb_obr04
",,,,"amb_obv17
"
"amb_obv07
","amb_ccbv34  
",,,,"amb_obv18
"
"amb_ccbv25  
","amb_obv09
",,,,"amb_obv19
"
"amb_ccbv09  
","amb_obv06
",,,,"amb_obr01
"
"amb_obr15
","amb_obv18
",,,,"amb_obr02
"
"amb_obv03
","amb_ccbv19  
",,,,"amb_obr03
"
"amb_fl/p6l/1
",,,,,"amb_obr04
"
"amb_obv10
",,,,,"amb_obr05
"
"amb_ccbv19  
",,,,,"amb_obr06
"
"amb_obr05
",,,,,"amb_obr07
"
"amb_fl/p3l/4
",,,,,"amb_obr08
"
"amb_obr03
",,,,,"amb_obr09
"
"amb_obv16
",,,,,"amb_obr10
"
"amb_ccbv07  
",,,,,"amb_obr11
"
"amb_obr07
",,,,,"amb_obr12
"
"amb_fl/p4l/3
",,,,,"amb_obr13
"
"amb_fl/p5u/4
",,,,,"amb_obr14
"
"amb_obv01
",,,,,"amb_obr15
"
"amb_ccbv24  
",,,,,"amb_obr16
"
"amb_fl/p4u/4
",,,,,"amb_obr17
"
"amb_obr02
",,,,,"amb_obr18
"
"amb_ccbv23  
",,,,,"amb_obr19   
"
"amb_fl/cc03 
",,,,,"amb_fl/cc01 
"
"amb_obr04
",,,,,"amb_fl/cc02 
"
"amb_obv13
",,,,,"amb_fl/cc03 
"
"amb_obv02
",,,,,"amb_fl/cc04 
"
"amb_fl/p2l/2
",,,,,"amb_fl/cc05 
"
"amb_ccbv39  
",,,,,"amb_fl/cc06 
"
"amb_fl/p3l/3
",,,,,"amb_fl/cc07 
"
"amb_ccbv35  
",,,,,"amb_fl/cc08 
"
"amb_obr12
",,,,,"amb_fl/cc09 
"
"amb_ccbv40  
",,,,,"amb_fl/cc10 
"
"amb_obv12
",,,,,"amb_fl/p2u/1
"
"amb_fl/p3u/2
",,,,,"amb_fl/p2u/2
"
"amb_fl/p6l/2
",,,,,"amb_fl/p2u/3
"
"amb_obv17
",,,,,"amb_fl/p2u/4
"
"amb_fl/cc10 
",,,,,"amb_fl/p3u/1
"
,,,,,"amb_fl/p3u/2
"
,,,,,"amb_fl/p3u/3
"
,,,,,"amb_fl/p3u/4
"
,,,,,"amb_fl/p4u/1
"
,,,,,"amb_fl/p4u/2
"
,,,,,"amb_fl/p4u/3
"
,,,,,"amb_fl/p4u/4
"
,,,,,"amb_fl/p5u/1
"
,,,,,"amb_fl/p5u/2
"
,,,,,"amb_fl/p5u/3
"
,,,,,"amb_fl/p5u/4
"
,,,,,"amb_fl/p6u/1
"
,,,,,"amb_fl/p6u/2
"
,,,,,"amb_fl/p2l/1
"
,,,,,"amb_fl/p2l/2
"
,,,,,"amb_fl/p2l/3
"
,,,,,"amb_fl/p2l/4
"
,,,,,"amb_fl/p3l/1
"
,,,,,"amb_fl/p3l/2
"
,,,,,"amb_fl/p3l/3
"
,,,,,"amb_fl/p3l/4
"
,,,,,"amb_fl/p4l/1
"
,,,,,"amb_fl/p4l/2
"
,,,,,"amb_fl/p4l/3
"
,,,,,"amb_fl/p4l/4
"
,,,,,"amb_fl/p5l/1
"
,,,,,"amb_fl/p5l/2
"
,,,,,"amb_fl/p5l/3
"
,,,,,"amb_fl/p5l/4
"
,,,,,"amb_fl/p6l/1
"
,,,,,"amb_fl/p6l/2
"
